Workbook

Sheet Inputs
A1: VAT | B1: 0.18
A2: Key price gross | B2: 450
A3: Router gross | B3: 700
A4: Capacity h/month | B4: 80
A5: Travel h/visit | B5: 2
A6: Buffer on hands-on | B6: 0.2
A7: Assessment h | B7: 6
A8: Shield h | B8: 16
A9: Extra person h | B9: 10
A10: Inner Circle h | B10: 32

Sheet Engagements
A1: Type | B1: Hands-on h | C1: Visits | D1: Keys | E1: Router gross | F1: Hardware net | G1: Hours base | H1: Hours buffered
A2: 1 person | B2: =Inputs!B7+Inputs!B8 | C2: 3 | D2: 2 | E2: 0 | F2: =(D2*Inputs!$B$2+E2)/(1+Inputs!$B$1) | G2: =B2+C2*Inputs!$B$5 | H2: =B2*(1+Inputs!$B$6)+C2*Inputs!$B$5
A3: 2 people | B3: =Inputs!B7+Inputs!B8+Inputs!B9 | C3: 4 | D3: 4 | E3: 0 | F3: =(D3*Inputs!$B$2+E3)/(1+Inputs!$B$1) | G3: =B3+C3*Inputs!$B$5 | H3: =B3*(1+Inputs!$B$6)+C3*Inputs!$B$5
A4: 4 people (Inner Circle) | B4: =Inputs!B7+Inputs!B10 | C4: 5 | D4: 8 | E4: =Inputs!B3 | F4: =(D4*Inputs!$B$2+E4)/(1+Inputs!$B$1) | G4: =B4+C4*Inputs!$B$5 | H4: =B4*(1+Inputs!$B$6)+C4*Inputs!$B$5

Sheet Targets_2p
A1: Monthly net target | B1: Eng/month | C1: Net per engagement | D1: Gross price incl VAT | E1: Net/h base | F1: Net/h buffered | G1: Utilisation | H1: Spare h per engagement
A2: 40000 | B2: 1 | C2: =A2/B2 | D2: =(C2+Engagements!$F$3)*(1+Inputs!$B$1) | E2: =C2/Engagements!$G$3 | F2: =C2/Engagements!$H$3 | G2: =B2*Engagements!$G$3/Inputs!$B$4 | H2: =Inputs!$B$4/B2-Engagements!$G$3
A3: 40000 | B3: 1.5 | C3: =A3/B3 | D3: =(C3+Engagements!$F$3)*(1+Inputs!$B$1) | E3: =C3/Engagements!$G$3 | F3: =C3/Engagements!$H$3 | G3: =B3*Engagements!$G$3/Inputs!$B$4 | H3: =Inputs!$B$4/B3-Engagements!$G$3
A4: 40000 | B4: 2 | C4: =A4/B4 | D4: =(C4+Engagements!$F$3)*(1+Inputs!$B$1) | E4: =C4/Engagements!$G$3 | F4: =C4/Engagements!$H$3 | G4: =B4*Engagements!$G$3/Inputs!$B$4 | H4: =Inputs!$B$4/B4-Engagements!$G$3
A5: 60000 | B5: 1 | C5: =A5/B5 | D5: =(C5+Engagements!$F$3)*(1+Inputs!$B$1) | E5: =C5/Engagements!$G$3 | F5: =C5/Engagements!$H$3 | G5: =B5*Engagements!$G$3/Inputs!$B$4 | H5: =Inputs!$B$4/B5-Engagements!$G$3
A6: 60000 | B6: 1.5 | C6: =A6/B6 | D6: =(C6+Engagements!$F$3)*(1+Inputs!$B$1) | E6: =C6/Engagements!$G$3 | F6: =C6/Engagements!$H$3 | G6: =B6*Engagements!$G$3/Inputs!$B$4 | H6: =Inputs!$B$4/B6-Engagements!$G$3
A7: 60000 | B7: 2 | C7: =A7/B7 | D7: =(C7+Engagements!$F$3)*(1+Inputs!$B$1) | E7: =C7/Engagements!$G$3 | F7: =C7/Engagements!$H$3 | G7: =B7*Engagements!$G$3/Inputs!$B$4 | H7: =Inputs!$B$4/B7-Engagements!$G$3
A8: 80000 | B8: 1 | C8: =A8/B8 | D8: =(C8+Engagements!$F$3)*(1+Inputs!$B$1) | E8: =C8/Engagements!$G$3 | F8: =C8/Engagements!$H$3 | G8: =B8*Engagements!$G$3/Inputs!$B$4 | H8: =Inputs!$B$4/B8-Engagements!$G$3
A9: 80000 | B9: 1.5 | C9: =A9/B9 | D9: =(C9+Engagements!$F$3)*(1+Inputs!$B$1) | E9: =C9/Engagements!$G$3 | F9: =C9/Engagements!$H$3 | G9: =B9*Engagements!$G$3/Inputs!$B$4 | H9: =Inputs!$B$4/B9-Engagements!$G$3
A10: 80000 | B10: 2 | C10: =A10/B10 | D10: =(C10+Engagements!$F$3)*(1+Inputs!$B$1) | E10: =C10/Engagements!$G$3 | F10: =C10/Engagements!$H$3 | G10: =B10*Engagements!$G$3/Inputs!$B$4 | H10: =Inputs!$B$4/B10-Engagements!$G$3
A11: 100000 | B11: 1 | C11: =A11/B11 | D11: =(C11+Engagements!$F$3)*(1+Inputs!$B$1) | E11: =C11/Engagements!$G$3 | F11: =C11/Engagements!$H$3 | G11: =B11*Engagements!$G$3/Inputs!$B$4 | H11: =Inputs!$B$4/B11-Engagements!$G$3
A12: 100000 | B12: 1.5 | C12: =A12/B12 | D12: =(C12+Engagements!$F$3)*(1+Inputs!$B$1) | E12: =C12/Engagements!$G$3 | F12: =C12/Engagements!$H$3 | G12: =B12*Engagements!$G$3/Inputs!$B$4 | H12: =Inputs!$B$4/B12-Engagements!$G$3
A13: 100000 | B13: 2 | C13: =A13/B13 | D13: =(C13+Engagements!$F$3)*(1+Inputs!$B$1) | E13: =C13/Engagements!$G$3 | F13: =C13/Engagements!$H$3 | G13: =B13*Engagements!$G$3/Inputs!$B$4 | H13: =Inputs!$B$4/B13-Engagements!$G$3

Sheet Grids
A1: Grid | B1: Item | C1: Gross price | D1: Net after hardware | E1: Hours | F1: Net/h | G1: Net/h buffered | H1: Monthly net x1 | I1: Monthly net x2
A2: Conservative | B2: Assessment | C2: 3600 | D2: =C2/(1+Inputs!$B$1)-(0) | E2: =Inputs!B7+Inputs!B5 | F2: =D2/E2 | G2: =D2/(E2) | H2: =D2 | I2: =2*D2
A3: Conservative | B3: 1 person | C3: 16000 | D3: =C3/(1+Inputs!$B$1)-(Engagements!F2) | E3: =Engagements!G2 | F3: =D3/E3 | G3: =D3/(Engagements!H2) | H3: =D3 | I3: =2*D3
A4: Conservative | B4: 2 people | C4: 29000 | D4: =C4/(1+Inputs!$B$1)-(Engagements!F3) | E4: =Engagements!G3 | F4: =D4/E4 | G4: =D4/(Engagements!H3) | H4: =D4 | I4: =2*D4
A5: Conservative | B5: 4 people | C5: 48000 | D5: =C5/(1+Inputs!$B$1)-(Engagements!F4) | E5: =Engagements!G4 | F5: =D5/E5 | G5: =D5/(Engagements!H4) | H5: =D5 | I5: =2*D5
A6: Conservative | B6: Retainer (16 h/yr) | C6: 3500 | D6: =C6/(1+Inputs!$B$1)-(Inputs!B2/(1+Inputs!B1)) | E6: 16 | F6: =D6/E6 | G6: =D6/(E6) | H6: =D6 | I6: =2*D6
A7: Mid | B7: Assessment | C7: 4500 | D7: =C7/(1+Inputs!$B$1)-(0) | E7: =Inputs!B7+Inputs!B5 | F7: =D7/E7 | G7: =D7/(E7) | H7: =D7 | I7: =2*D7
A8: Mid | B8: 1 person | C8: 19000 | D8: =C8/(1+Inputs!$B$1)-(Engagements!F2) | E8: =Engagements!G2 | F8: =D8/E8 | G8: =D8/(Engagements!H2) | H8: =D8 | I8: =2*D8
A9: Mid | B9: 2 people | C9: 36000 | D9: =C9/(1+Inputs!$B$1)-(Engagements!F3) | E9: =Engagements!G3 | F9: =D9/E9 | G9: =D9/(Engagements!H3) | H9: =D9 | I9: =2*D9
A10: Mid | B10: 4 people | C10: 62000 | D10: =C10/(1+Inputs!$B$1)-(Engagements!F4) | E10: =Engagements!G4 | F10: =D10/E10 | G10: =D10/(Engagements!H4) | H10: =D10 | I10: =2*D10
A11: Mid | B11: Retainer (16 h/yr) | C11: 6500 | D11: =C11/(1+Inputs!$B$1)-(Inputs!B2/(1+Inputs!B1)) | E11: 16 | F11: =D11/E11 | G11: =D11/(E11) | H11: =D11 | I11: =2*D11
A12: Premium | B12: Assessment | C12: 5500 | D12: =C12/(1+Inputs!$B$1)-(0) | E12: =Inputs!B7+Inputs!B5 | F12: =D12/E12 | G12: =D12/(E12) | H12: =D12 | I12: =2*D12
A13: Premium | B13: 1 person | C13: 24000 | D13: =C13/(1+Inputs!$B$1)-(Engagements!F2) | E13: =Engagements!G2 | F13: =D13/E13 | G13: =D13/(Engagements!H2) | H13: =D13 | I13: =2*D13
A14: Premium | B14: 2 people | C14: 46000 | D14: =C14/(1+Inputs!$B$1)-(Engagements!F3) | E14: =Engagements!G3 | F14: =D14/E14 | G14: =D14/(Engagements!H3) | H14: =D14 | I14: =2*D14
A15: Premium | B15: 4 people | C15: 80000 | D15: =C15/(1+Inputs!$B$1)-(Engagements!F4) | E15: =Engagements!G4 | F15: =D15/E15 | G15: =D15/(Engagements!H4) | H15: =D15 | I15: =2*D15
A16: Premium | B16: Retainer (16 h/yr) | C16: 9500 | D16: =C16/(1+Inputs!$B$1)-(Inputs!B2/(1+Inputs!B1)) | E16: 16 | F16: =D16/E16 | G16: =D16/(E16) | H16: =D16 | I16: =2*D16
